{"content":[{"id":2,"name":"LoadGen2","location":"LoadGen2","cpuCount":8,"ram":32768,"ip":"192.168.14.201","port":2375},{"id":1,"name":"LoadGen1","location":"LoadGen1","cpuCount":8,"ram":8192,"ip":"192.168.14.80","port":2375}],"pageable":{"sort":{"sorted":true,"unsorted":false,"empty":false},"offset":0,"pageSize":20,"pageNumber":0,"paged":true,"unpaged":false},"last":true,"totalElements":2,"totalPages":1,"first":true,"sort":{"sorted":true,"unsorted":false,"empty":false},"size":20,"number":0,"numberOfElements":2,"empty":false}