{"ECS":{"ExcludeExternalConfigIdsInLog":true,"ConfigLogTarget":"edge_stable"},"Edge":{"AutohideHoverMenu":{"enableFeatures":["msAutoHideImageHoverMenu"]},"CopilotNudges":{"enableFeatures":["msShorelineNotificationInOmnibox","msCopilotNavigationTriggering"],"parameters":[{"name":"msCopilotNavigationTriggeringCount","value":"2"}]},"EdgeWorkSearchBanner":{"enableFeatures":["msEdgeWorkSearchBanner"]},"EdgeAutofillUseUpstreamMinFieldsForHeuristics":{"enableFeatures":["msEdgeAutofillUseUpstreamMinFieldsForHeuristics"]},"EdgeAutofillMlLevoComparision":{"enableFeatures":["msEdgeAutofillShowMlAndLevo"]},"EdgeAutofillMultilingualMLSuggestions":{"enableFeatures":["msEdgeAutofillMultilingualMLSuggestions"]},"EdgeAutofillLabelingMultipleFieldTypes":{"enableFeatures":["msEdgeAutofillLabellingMultipleFieldTypes"],"parameters":[{"name":"PasswordThresholdForMultipleFieldTypes","value":"60"}],"disableFeatures":["msEdgeAutofillPreferCrowdsourcingOverLabelling"]},"DsatClassifierFramework":{"enableFeatures":["msEdgeDsatFramework","msEdgeDsatCollection"],"parameters":[{"name":"FlushEventsCadenceMiliseconds","value":"300000"},{"name":"MinimumCountForBackoff","value":"5"},{"name":"kMaximumEventsSizeBytes","value":"30000"},{"name":"HistogramDsatDefinitions","value":"version|7&Microsoft.Print.JobStatus|5|0&Download.ShowedDownloadWarning|6|0&Microsoft.ENP.Framework.NotificationState.Shown|7|0&Microsoft.ENP.Framework.NotificationState.Dismissed|7|0&Microsoft.ENP.Framework.NotificationState.Ignored|7|0&Microsoft.Password.LoginFailed|7|0&PageLoad.InteractiveTiming.InputDelay3|1|60&PageLoad.PaintTiming.NavigationToFirstContentfulPaint|1|3000&PageLoad.Clients.NavigationToFirstContentfulPaint.Timeout3|5|1&Microsoft.Performance.Responsiveness.Downloads.FirstContentfulPaint|1|500&Microsoft.Performance.Responsiveness.History.FirstContentfulPaint|1|500&Microsoft.Performance.Responsiveness.Favorites.FirstContentfulPaint|1|500&Microsoft.Performance.Responsiveness.ProfileFlyout_Settings.FirstContentfulPaint|1|500&PrintPreview.InitialDisplayTime|1|500&Microsoft.Omnibox.CharTypedToRepaintLatency.AllProvidersDone|1|300&Microsoft.NewTabPage.TimeToVisuallyReady.MSN.AnyLayout.NewTab|1|500&Microsoft.HubApp.Discover.EdgeChat.TimeFromUserShowToReady|1|500&Microsoft.Startup.BrowserWindow.FirstWebContents.NonEmptyPaint3|1|2000&Microsoft.Crashpad.Source|7|0&Microsoft.Shutdown.LaunchBlockedByShutdown|7|0"}]},"RAMLimiter":{"enableFeatures":["msEdgeResourceControlsRamLimiter","msEdgeResourceControlsMicroFeedback"],"parameters":[{"name":"msEdgeResourceControlsRamLimiterUITreatment","value":"1"}]},"Asn1c":{"enableFeatures":["msAsn1cBasedDigSigParsing"]},"DynamicCSPPolicyCheckOnMarketing":{"enableFeatures":["msDynamicCSPPolicyCheckOnMarketing"],"parameters":[{"name":"policy","value":"4"}]},"DynamicCSPPolicyCheckOnNTP":{"enableFeatures":["msDynamicCSPPolicyCheckOnNTP"],"parameters":[{"name":"policy","value":"4"}]},"EdgePasswordSaveUpdateV2":{"enableFeatures":["msEdgePasswordSaveUpdateV2"]},"WorkspacesInviteButton":{"enableFeatures":["msWorkspacesRemoveToolbarInviteButton"]},"PrerenderEfficiencyMode":{"enableFeatures":["msPrerenderEfficiencyMode","msNtpExp8"],"parameters":[{"name":"PrerenderEfficiencyModeAggressive","value":"true"}]},"AdobePdfViewerLowCoresIteration4":{"enableFeatures":["msPdfSharedLibraryLowCores","msPdfScrollingOnMainThread"]},"PDF_SnT":{"enableFeatures":["msSidePaneTranslateWebComponentsUX"]},"WorkspaceManagerExp":{"enableFeatures":["msWorkspaceManagerV2"]},"ReadAloud":{"enableFeatures":["msReadAloudWebComponentsUX"]},"WorkspacesEagerLoading":{"enableFeatures":["msFluidEagerLoading"]},"EdgeSettingsL2NoTheme":{"enableFeatures":["msEdgeSettingsL2","msEdgeSettingsElevated"]},"EdgePiPEnhancement":{"enableFeatures":["msEdgePipAdvanced"]},"UnknownLanguageUXFixExperiment":{"enableFeatures":["msUnsupportedLanguageUXFix"]},"EdgeAutofillLabelingGrouping":{"enableFeatures":["msEdgeAutofillLabellingGroupingThreshold"],"parameters":[{"name":"AutofillLabellingGroupingThreshold","value":"60"}]},"FetchTokenMaxDuration":{"enableFeatures":["msFetchTokenMaxDuration"]},"EdgePasswordBreachDetectionV2":{"enableFeatures":["msEdgePasswordBreachDetectionV2"]},"AutoDetectedLinksOrderChange":{"enableFeatures":["msAnnotWebLinksInInferredOrder"]},"PdfGreencampAccessibilityNewAPI":{"enableFeatures":["msPdfAccessibilityNewAPI"]},"EdgeShoppingOmniboxBadgeControlServerSide":{"enableFeatures":["msEdgeShoppingControlBadgeTextFromServer"]},"InPrivateNtp":{"enableFeatures":["msEdgeInPrivateNtpWebComponents"]},"IacCetoExperiment":{"enableFeatures":["msImageDescriptionsUseCETOService"]},"EdgeAutofillUnifiedLogger":{"enableFeatures":["msEdgeAutofillUnifiedLogger"]},"AdobePdfViewerHighCoresIteration3":{"enableFeatures":["msPdfSharedLibraryHighCores"]},"SettingsCustomizedSearchable":{"enableFeatures":["msSettingsCustomizedSearchable"]},"SettingsLeftNav":{"enableFeatures":["msEdgeSettingsLeftNavSpacing"]},"WorkspaceExp":{"enableFeatures":["msWorkspacesOutlines"]},"CopilotAndSidebar":{"enableFeatures":["msCopilotAndSidebarPageEnabled"]},"EdgeLoginDbBlockShutdown":{"enableFeatures":["msEdgeLoginDbTasksBlockShutdown"]},"EdgeComposeInlineContextMenu":{"disableFeatures":["msEdgeComposeInlineRewriteMouseSelectionEntry","msEdgeComposeInlineRewriteKeyboardSelectionEntry"],"enableFeatures":["msEdgeComposeInlineRewriteContextMenuEntry"]},"ContainerizeDevToolContainer":{"enableFeatures":["msContainerizeDevToolsContainer"]},"WorkspacesCollaborativeBookmarksBar":{"disableFeatures":["msWorkspacesCollaborativeBookmarksBar"]},"WebCaptureSaveEdit":{"enableFeatures":["msEdgeWebCaptureQuickMenuSave"]},"ReadAloudIconOnAddressBarLogicBased":{"enableFeatures":["msReadAloudIconOnAddressBarLogicBased","msReadAloudIconReaderModeEligible","msReadAloudIconDisallowList"],"parameters":[{"name":"content_size","value":"7000"}]},"MultiMonitorScreenLookupOptimization":{"enableFeatures":["msEnableMultiMonitorScreenLookupOptimization"]},"EdgeXPayMiniWalletWebUI":{"enableFeatures":["msWalletMiniWalletWebUX","msWalletNotificationsWebComponentsUX"]},"PhoenixConnectedTab":{"enableFeatures":["msVisualRejuvConnectedTabs"]},"OnboardNTPToCE":{"enableFeatures":["msNurturingMetadataTemplate","msNurturingOnboardNTPToCE"]},"GlobalSitePinning":{"enableFeatures":["msNurturingGlobalSitePinningOnCloseModal"]},"GlobalCIExperiment":{"enableFeatures":["msNurturingSitePinningCITopSites"]},"InMemoryCachingExperimentClientFlag":{"enableFeatures":["msTranslateScriptExperiment"],"parameters":[{"name":"script_type","value":"5"}]},"EnableSingleMonitorScreenLookupOptimization":{"enableFeatures":["msEnableSingleMonitorScreenLookupOptimization"]},"FeatureFlagRefactorExperiment":{"enableFeatures":["msNurturingFeatureFlagRefactor"]},"EdgeHJEnableSavingActionEvents":{"enableFeatures":["msEdgeHJEnableSavingActionEvents"]},"GlobalConsentExperiment":{"enableFeatures":["msNurturingSitePinningWithWindowsConsent","msSitePinningWithoutUi","msNumberOfSitesToPin"],"parameters":[{"name":"number_of_sites_to_pin","value":"1"}]},"EdgeSyncDataConsistency":{"enableFeatures":["msEdgeSyncDataConsistency"]},"PhoenixCustomTheme":{"enableFeatures":["msPhoenixCustomThemeEnabled"]},"DisablePageActionIcons":{"enableFeatures":["msOmniboxDisablePageActionIcons"],"parameters":[{"name":"msDisableOmniboxTriggeredIcon","value":"12,16"}]},"ShorelineSkypeAutoAuth":{"enableFeatures":["msEdgeSkypeAuthThrottle"]},"BrowserLaunchCooldown":{"enableFeatures":["msNurturingFeaturePolicyManager","msNurturingFeatureBrowserLaunchCooldown"],"parameters":[{"name":"browser_launch_cooldown","value":"10"}]},"WalletECRebatesIncentive":{"disableFeatures":["msWalletCheckoutRewardsIncentive"]},"ShorelineSkypeSATelEvent":{"enableFeatures":["msEdgeHubAppSkype","msEdgeSkypeHandleTelProtocol","msEdgeSkypeHandleProtocolUsingJsEvent"]},"ExternalStoreZeroSearchResults":{"enableFeatures":["msEnableZeroSearchResults"]},"PasswordZeroStateV2":{"enableFeatures":["msNurturingCIPasswordZeroStateV2"],"parameters":[{"name":"ImpressionCap","value":"5"}]},"AccountLevelSyncReclaim":{"enableFeatures":["msAccountLevelSyncConsent","msNurturingAccountLevelSyncConsentSyncOff","msNurturingAccountLevelSyncConsentSyncOn"]},"RolloutPreconnectToSearch":{"disableFeatures":["NavigationPredictorPreconnectHoldback"]},"EdgeOnRampShowVersionWhatsNew":{"enableFeatures":["msEdgeOnRampShowWhatsNew"],"parameters":[{"name":"Browser Version","value":"136.0.0.0"}]}},"EdgeConfig":{"DeprecateMsHighContrast":{"disableFeatures":["msEdgeMsHighContrast"]},"EdgeSelectParserRelaxation":{"enableFeatures":["SelectParserRelaxation","CustomizableSelect","InputClosesSelect"]},"M365LinksAutoOpenV2":{"enableFeatures":["msEdgeHubAppsAutoOpenOutlookV2","msEdgeAutoOpenTeamsHubAppV2"]},"DisableTinyWindowRealityCheck":{"disableFeatures":["msTinyWindowRealityCheck","msTinyWindowRealityCheckAndUpdate"]},"EmxApiThrottleKillswitch":{"disableFeatures":["msEmxApiThrottle"]},"KSBackgroundResourceFetch":{"disableFeatures":["BackgroundResourceFetch"]},"DisableCopilotForGCC":{"enableFeatures":["msEdgeHubAppDisableCopilotSidebarInGCC"]},"advanceConsentCleanupForceful":{"enableFeatures":["msAdvanceConsentForcefulCleanup"]},"DisableAutofillCustomDataSync":{"disableFeatures":["msEdgeSyncAutofillCustomData"]},"EdgeShoppingAnaheimIDConfig":{"enableFeatures":["msEdgeShoppingAnaheimId"]},"WorldCupFloatyDisableFloatyMode":{"disableFeatures":["msFloatyMode"]},"DisableWebGPUSupportMetrics":{"disableFeatures":["CollectWebGPUSupportMetrics"]},"MyWinCoPilotIcon":{"enableFeatures":["msUndersideWinCopilotNxtBrand"]},"LoadStatisticsLoggingPri":{"disableFeatures":["msLoadStatisticsLowPriLogging"]},"SdchEnable":{"enableFeatures":["msEdgeSdch"]},"EdgeShoppingPageLocaleTimeoutConfig":{"enableFeatures":["msEdgeShoppingPageLocaleTimeout"],"parameters":[{"name":"timeout_milliseconds","value":"3000"}]},"EdgeShoppingEarlyRetailerDataDelayConfig":{"enableFeatures":["msEdgeShoppingEarlyRetailerDataDelay"],"parameters":[{"name":"delay","value":"0"}]},"EdgeShoppingFreeOffersConfig":{"enableFeatures":["msEdgeShoppingPriceComparisonBackfillFreeOffers"]},"WebAuthPasskeysUIKillerSwitch":{"disableFeatures":["WebAuthenticationPasskeysUI"]},"WorkspacesButtonVisibleForMSA":{"enableFeatures":["msWorkspacesButtonVisibleForMSA"]},"EdgeShoppingPriceCompareResponseConfig":{"enableFeatures":["msShoppingUapiExp1"]},"EdgeShoppingPriceCompareAdLangOverrideConfig":{"enableFeatures":["msShoppingUapiExp3"]},"EdgeShoppingClarityConfig":{"enableFeatures":["msEdgeShoppingClarityEnabled"]},"EdgeShoppingDefaultConfig":{"enableFeatures":["msEdgeShoppingPersistentBloomFilter","msShoppingAutoShowAfterRender","msEdgeShoppingPersonalizedCashbackBingHeaderV2","msEdgeShoppingPersistentDisabledDomainPopupOrigination","msEdgeShoppingProductPageScript","msEdgeShoppingEnableAccelerateStrategyForBgaaWebContents","msEdgeShoppingAutoShowResetOnce","msEdgeShoppingShorelineHeader","msShorelineHeaderMenuDisableNotifications","msEdgeShoppingSettingsInPane","msEdgeShoppingSettingsInPaneNotificationBottomToggle","msQueryShoppingMetadata","msShowResultsShoppingMetadata","msEdgeShoppingRefresh","msEdgeShoppingRebatesForAADAccounts","msEdgeShoppingSettingsPrivacyString"],"disableFeatures":["msEdgePwiloAsync","msEdgeShoppingPriceComparisonOnceDayPerUrl","msEdgeShoppingStorageContinueOnShutdown","msEELogProductPiclFailed"]},"QUIC":{"parameters":[{"name":"channel","value":"F"},{"name":"epoch","value":"30000000"},{"name":"retransmittable_on_wire_timeout_milliseconds","value":"200"}]},"OverrideEvents":{"enableFeatures":["msEventsAllowList"],"parameters":[{"name":"msEventOverrideList","value":"Microsoft.WebBrowser.Protobuf.UKM.SystemProfile,0,15;Microsoft.WebBrowser.Protobuf.UKM.Stats.LogStart,0,4;Microsoft.WebBrowser.Protobuf.UKM.Stats.LogComplete,0,4;"}]},"TelemetryPopSampleSampling":{"enableFeatures":["msForceTelemetrySampling","msLogTestUniformDistributionHistogram"],"parameters":[{"name":"group2PopSample","value":"20"},{"name":"defaultGroupPopSample","value":"0"},{"name":"ukm2PopSample","value":"20"}]},"EdgeShoppingInBingChatConfig":{"enableFeatures":["msEdgeShoppingAddCategoryToWebAssist","msEdgeShoppingDiscoverPopupLeft","msEdgeShoppingExpectUniqueNotification","msShoppingExp22","msShoppingExp63","msShoppingExp69","msShoppingUapiExp35"]},"EdgeShoppingInBingChatTiedConfig":{"enableFeatures":["msEdgeShoppingOnDiscover"],"parameters":[{"name":"decisionTotalCount","value":"5"},{"name":"maxCountThreshold","value":"2"},{"name":"researchTotalCount","value":"3"},{"name":"discoverTotalCount","value":"0"},{"name":"journeyStageCooldownInMinutes","value":"90"},{"name":"categoryCooldownInMinutes","value":"240"}]}},"EdgeFirstRunConfig":{"DeleteFREProfileAllowedPayload":{"disableFeatures":["msDeleteFREProfileAllowed"]},"PBCalculationProfileCap":{"enableFeatures":["msEnablePBComputationsConnectionProfileCap"],"parameters":[{"name":"msPBComputationsConnectionProfileCap","value":"100"},{"name":"msPBComputationsConnectionProfileUseCap","value":"true"}]},"EmptyEdgeFirstRunConfig":{"enableFeatures":["eefrc"]}},"Segmentation":{"MAIAll":"false","WWEAll":"false","scpfull":0,"scpguard":0,"scpver":0,"M365CoreAll":"false","ContentServicesAll":"false","WebXTAll":"false","BingAll":"false","EdgeAll":"false","MicrosoftUser":"false"},"Headers":{"ETag":"\"SyS+nz8ZU3Ru89/MJJGIB96z2N2rvZ2mQBvS6xK8E3c=\"","Expires":"Mon, 19 May 2025 16:30:08 GMT","CountryCode":"RU","StatusCode":"200"},"ConfigIDs":{"ECS":"P-R-1082570-1-11,P-D-42388-2-6","Edge":"P-X-1557675-2-6,P-X-1559063-1-5,P-X-1572529-1-10,P-X-1531378-2-5,P-X-1532690-2-7,P-X-1547841-1-5,P-X-1558565-3-7,P-X-1468503-15-37,P-X-1421537-2-19,P-X-1557217-1-5,P-X-1551313-2-7,P-X-1550770-1-7,P-X-1460915-2-5,P-X-1539268-1-9,P-X-1300598-3-32,P-X-1540281-3-4,P-X-1538424-1-3,P-X-1534286-2-3,P-X-1532739-2-3,P-X-1530822-1-5,P-X-1438350-3-6,P-X-1524225-1-5,P-X-1522433-2-3,P-X-1479998-2-4,P-X-1479268-1-7,P-X-1455947-2-5,P-X-1470137-2-5,P-X-1470106-1-3,P-X-1468226-1-3,P-X-1467673-2-5,P-X-1456158-2-4,P-X-1246241-2-15,P-X-1443673-1-3,P-X-1440194-4-21,P-X-1421194-2-9,P-X-1247427-2-17,P-X-1362898-1-3,P-X-1255789-2-9,P-X-1274926-2-5,P-X-1074265-3-22,P-X-1247328-2-9,P-X-1238055-2-11,P-X-1249885-2-4,P-X-1248759-1-5,P-X-1226612-1-5,P-X-1176504-4-10,P-X-1230185-1-7,P-X-1110552-8-41,P-X-1116542-8-41,P-X-1234280-1-6,P-X-1232754-2-5,P-X-1220520-1-7,P-X-1224057-2-5,P-X-1227710-4-24,P-X-1148585-2-7,P-X-1126445-2-5,P-X-1116674-11-34,P-X-1095018-2-6,P-X-1113878-6-21,P-X-1096650-2-6,P-X-1077147-1-9,P-X-1071593-2-4,P-X-1061902-3-17,P-X-1048071-1-5,P-R-1008497-12-13,P-R-67067-6-72,fcdf7787:766954,3ijg7584:770550,34gc0967:770013,eg1c5259:741814,showmlandlevo:733244,8h0fb757:749524,passwordthreshold60:768375,t_dsatcollection_v7:744991,73ih4201:721370,with_asn1c_2:774978,4b0db490:779032,8g8bd429:773659,d93h5429:717780,2h7f6838:743380,icajd572:729107,treatment-with-scroll-fix-2cfd8523:723884,8e1dj873:753263,4121j818:741246,aj9gh876:763793,28j28861:755243,edgesettingsl2notheme:738015,5ie64123:749510,he8d1415:708329,groupingthreshold60:723908,28bb2950:734272,fgj86194:700023,a67ce385:719066,41hdj547:719083,v1_omnibox__badge_server:737880,h38g7trt:725059,93989ceto:718991,2biad113:684398,base-treatment-18a2f284:656074,5gf64348:699661,j8g49422:684363,fc69c480:691761,9jej3651:665106,8diji773:599478,ic404651:691194,52a2d459:668867,gf6jc201:659222,save_e6e5d349:560570,6ii7h921:637822,972ec163:614782,098h7988:614819,variantb:534184,enp_ntp:559208,treatment:523714,citreatmentflight:523713,12608184:554669,dfa74760:546906,92if2247:584838,h019b827:552752,nonuitreatment:535442,b0f4d445:585339,41612551:479863,sendtabqr:498558,edauth0529:481520,b6d71928:500839,9ffeg962:402950,ed0317:378542,2chfa640:363442,edpas404:347262,hjd07315:316020","EdgeConfig":"P-R-1565014-1-4,P-R-1547061-7-14,P-R-1547129-1-7,P-R-1520991-1-4,P-R-1459857-1-2,P-R-1447912-1-12,P-R-1442987-1-6,P-R-1241132-1-6,P-R-1176033-4-5,P-R-1129815-1-5,P-R-1160552-1-3,P-R-1147287-1-6,P-R-1136203-1-4,P-R-1133477-1-4,P-R-1113531-4-9,P-R-1099640-1-4,P-R-1098501-1-7,P-R-1090419-2-5,P-R-1082109-1-6,P-R-1082170-11-26,P-R-1054140-1-4,P-R-1049918-1-3,P-R-1036635-1-5,P-R-110491-23-85,P-R-68474-9-12,P-R-60617-8-21,P-R-45373-8-85,P-D-1150672-1-4","EdgeFirstRunConfig":"P-R-1253659-1-4,P-R-1246379-1-5,P-R-1075865-1-7","Segmentation":"P-R-1473016-1-8,P-R-1159985-1-5,P-R-1113915-25-11,P-R-1098334-1-6,P-R-66078-1-3,P-R-66077-1-5,P-R-60882-1-2,P-R-43082-3-5,P-R-42744-1-2"}}