{"project_name":"Remote Settings PROD","project_version":"23.0.1","http_api_version":"1.23","project_docs":"https://remote-settings.readthedocs.io","url":"https://firefox.settings.services.mozilla.com/v1/","config":{"path":"/etc/kinto.ini","hash":"8cfcf3a6f7c87f382e9bb895161fb58d90cadfdfd631ecf2d4a6d7ef2e339b55","modified":"2025-05-17T23:10:11.554093"},"settings":{"readonly":true,"explicit_permissions":false,"batch_max_requests":25},"capabilities":{"changes":{"description":"Track modifications of records in Kinto and store the collection timestamps into a specific bucket and collection.","url":"http://kinto.readthedocs.io/en/latest/tutorials/synchronisation.html#polling-for-remote-changes","version":"35.1.1","collections":["/buckets/blocklists","/buckets/blocklists-preview","/buckets/main","/buckets/main-preview","/buckets/security-state","/buckets/security-state-preview"]},"attachments":{"description":"Add file attachments to records","url":"https://github.com/Kinto/kinto-attachment/","version":"7.1.0","base_url":"https://firefox-settings-attachments.cdn.mozilla.net/"},"prometheus":{"description":"Prometheus metrics.","url":"https://github.com/Kinto/kinto/","prefix":"remotesettings_","disabled_metrics":[]}}}