{"@odata.context":"https://substrate.office.com/profileb2/v2.0/me/$metadata#v1profile(accounts(),addresses(),cloudServiceUsers(),customAttributes(),educations(),educationalActivities(),emails(),interests(),languages(),names(),phones(),positions(),preferences(),projects(),skills(),socialNetworkUsers(),systems(),websites(),anniversaries(),directoryExtensionAttributes(),notes(),responsibilities(),topics(),webAccounts(),extensions(),awards(),publications(),patents(),certifications(),profileVideoMetadata())","profileId":"defaultItem","eTag":"W/\"2RoWWRReME+P/xXvIeVOQQAHcM1p3w==\"","lastModifiedDateTime":null,"activities":[],"lastSyncs":[],"accounts":[{"accountLabel":null,"cid":1790709558735419924,"puid":844428891077686,"passportMemberName":"evsjukovnikita@rambler.ru","userPrincipalName":"evsjukovnikita@rambler.ru","guid":null,"accountTenantId":null,"location":"RU","gender":null,"timeZone":null,"birthDay":20,"birthMonth":12,"birthYear":2000,"lcid":null,"ageGroup":3,"id":"889a8f46-e102-488f-b6f8-df7b9d8d2794","eTag":"W/\"2RoWWRReME+P/xXvIeVOQQAHcM1p3w==\""}],"addresses":[],"cloudServiceUsers":[],"customAttributes":[],"educations":[],"educationalActivities":[],"emails":[{"emailAddressLabel":null,"emailAddressName":null,"emailAddress":"evsjukovnikita@rambler.ru","isVerified":null,"isAlias":true,"isPrimary":true,"notificationPartners":null,"usedBy":"Msa","id":"a4f94a2d-e7b7-4f4b-9b8a-055e791a0756","eTag":"W/\"2RoWWRReME+P/xXvIeVOQQAHcM1p3w==\""},{"emailAddressLabel":null,"emailAddressName":null,"emailAddress":"outlook_18D9E0DB28523A14@outlook.com","isVerified":null,"isAlias":true,"isPrimary":false,"notificationPartners":null,"usedBy":"Msa","id":"39d60c22-3299-46b4-ae8f-e694169b0378","eTag":"W/\"2RoWWRReME+P/xXvIeVOQQAHcM1p3w==\""}],"interests":[],"languages":[{"languageCultureCode":"RU","languageName":null,"languageUrl":null,"languageProficiency":null,"isInference":null,"isPreferredLanguage":null,"id":"889a8f46-e102-488f-b6f8-df7b9d8d2794","eTag":"W/\"2RoWWRReME+P/xXvIeVOQQAHcM1p3w==\""}],"names":[{"displayName":"\u200b \u200b \u200bN|k0T|\u0418","displayNameDefault":"\u200b \u200b \u200bN|k0T|\u0418","displayNameAlternate":"\u200b \u200bN|k0T|\u0418, \u200b","lastName":"\u200b \u200bN|k0T|\u0418","surname":null,"givenName":"\u200b","initials":null,"middleName":null,"maidenName":null,"title":null,"nickname":null,"suffix":null,"yomiGivenName":null,"yomiLastName":null,"yomiDisplayName":"","yomiDisplayNameAlternate":"","isPreferredName":null,"id":"4f8c601b-3f21-41b2-a1d3-60bc41c7e8d6","eTag":"W/\"2RoWWRReME+P/xXvIeVOQQAHcM1p3w==\""}],"phones":[],"positions":[],"preferences":[],"projects":[],"skills":[],"socialNetworkUsers":[],"systems":[{"datacenterId":null,"environmentId":null,"forceSslDeadline":null,"lastModified":null,"lastMsaNameSync":null,"lastMcpMigrationStateChangeTimeUTC":null,"mcpMigrationState":null,"mcpMigrationFinishedDateUTC":null,"successfulMcpComparisonsCount":null,"lastMsaSyncTimeUtc":null,"lastMsaAliasSyncTimeUtc":null,"lastMsaCheckTimeUtc":null,"lastMsaAliasCheckTimeUtc":null,"lastUpaSyncTimeUtc":null,"lastSubmitToIndexTimeUtc":null,"lastDsApiSyncTimeUtc":null,"resourceId":null,"status":null,"version":null,"cid":null,"puid":null,"isRecovered":null,"isCleanedUp":null,"mcpBackupItemTimeUTC":null,"lastMetadataConsolidationTimestamp":null,"nomcpSync":null,"msaSyncTag":null,"msaAliasVersion":null,"msaProfileVersion":null,"baseSharePointUrl":null,"lastSharePointLicenseStatusSyncUtc":null,"indexingRequired":null,"msaGivenNameAtLastSync":null,"msaLastNameAtLastSync":null,"id":"36ca4762-75f1-442c-aa89-2f3e7f8e6242","eTag":"W/\"2RoWWRReME+P/xXvIeVOQQAHcM1p3w==\""}],"websites":[],"anniversaries":[],"directoryExtensionAttributes":[],"notes":[],"responsibilities":[],"topics":[],"webAccounts":[],"extensions":[],"awards":[],"publications":[],"patents":[],"certifications":[],"profileVideoMetadata":{"profileVideoUrl":null,"allowedAudiences":"me","createdDateTime":"2025-05-19T15:30:12.4394695Z","lastModifiedDateTime":"2025-05-19T15:30:12.4394695Z","id":"5a729bce-01a3-454e-8600-2b33334f1b7f","isSearchable":false,"createdBy":{"user":null,"application":null,"device":null},"inference":null,"lastModifiedBy":{"user":null,"application":null,"device":null},"source":{"type":[]},"sources":[]}}