{
  "FilterHeaders": [
    {
      "Header": "x-client-date",
      "IncludeInScript": true
    },
    {
      "Header": "user-agent",
      "IncludeInScript": false
    },
    {
      "Header": "upgrade-insecure-requests",
      "IncludeInScript": true
    },
    {
      "Header": "sec-fetch-user",
      "IncludeInScript": true
    },
    {
      "Header": "sec-fetch-site",
      "IncludeInScript": true
    },
    {
      "Header": "sec-fetch-mode",
      "IncludeInScript": true
    },
    {
      "Header": "sec-fetch-dest",
      "IncludeInScript": true
    },
    {
      "Header": "sec-ch-ua-platform",
      "IncludeInScript": true
    },
    {
      "Header": "sec-ch-ua-mobile",
      "IncludeInScript": true
    },
    {
      "Header": "sec-ch-ua",
      "IncludeInScript": true
    },
    {
      "Header": "origin",
      "IncludeInScript": true
    },
    {
      "Header": "dnt",
      "IncludeInScript": true
    },
    {
      "Header": "authorization",
      "IncludeInScript": true
    },
    {
      "Header": "accept-language",
      "IncludeInScript": false
    },
    {
      "Header": "accept-encoding",
      "IncludeInScript": false
    },
    {
      "Header": "accept",
      "IncludeInScript": false
    }
  ],
  "FilterResources": [
    {
      "IsNonResource": true,
      "type": "text/html"
    },
    {
      "IsNonResource": false,
      "type": "text/css"
    },
    {
      "IsNonResource": false,
      "type": "image/svg+xml"
    },
    {
      "IsNonResource": false,
      "type": "image/png"
    },
    {
      "IsNonResource": false,
      "type": "font/woff"
    },
    {
      "IsNonResource": true,
      "type": "application/json"
    },
    {
      "IsNonResource": false,
      "type": "application/javascript"
    }
  ],
  "GeneralInfo": {
    "BrowserVersion": "",
    "IsWinInetMode": false,
    "MaxUsedConnections": 21,
    "RecordedBrowser": "Chrome",
    "RecordingDate": "May-21-2025",
    "RecordingDuration": 81063,
    "RecordingMode": "N/A",
    "RecordingTimeStamp": 1747829277,
    "RecordingType": "Proxy",
    "TotalBytesReceived": 1489296,
    "TotalBytesSent": 28772,
    "TotalRequests": 21,
    "UserAgent": "Mozilla/5.0 (Windows NT 10.0; Win64; x64) AppleWebKit/537.36 (KHTML, like Gecko) Chrome/136.0.0.0 Safari/537.36 Edg/136.0.0.0"
  },
  "HostInfo": [
    {
      "DomainName": "pflb.ru",
      "Domains": [
        {
          "HTTPVersion": "HTTP/1.1",
          "IP": "82.142.167.44",
          "IncludeInScript": true,
          "Name": "dev-boomq.pflb.ru",
          "Port": 443,
          "Requests": [
            {
              "CompressionType": "gzip",
              "DataType": "application/json",
              "DownloadTime": 0,
              "EventId": 185,
              "HttpStatus": 200,
              "Size": 239,
              "URL": "https://dev-boomq.pflb.ru/auth-srv/team/25"
            },
            {
              "CompressionType": "gzip",
              "DataType": "application/json",
              "DownloadTime": 15,
              "EventId": 175,
              "HttpStatus": 200,
              "Size": 152,
              "URL": "https://dev-boomq.pflb.ru/auth-srv/user"
            },
            {
              "CompressionType": "gzip",
              "DataType": "application/json",
              "DownloadTime": 0,
              "EventId": 170,
              "HttpStatus": 200,
              "Size": 251,
              "URL": "https://dev-boomq.pflb.ru/test-runner-srv/testRunner?sort=id,desc"
            },
            {
              "CompressionType": "gzip",
              "DataType": "application/json",
              "DownloadTime": 0,
              "EventId": 165,
              "HttpStatus": 200,
              "Size": 253,
              "URL": "https://dev-boomq.pflb.ru/auth-srv/teamMember/teamContext?teamId=25"
            },
            {
              "CompressionType": "gzip",
              "DataType": "application/json",
              "DownloadTime": 16,
              "EventId": 160,
              "HttpStatus": 200,
              "Size": 358,
              "URL": "https://dev-boomq.pflb.ru/auth-srv/team?size=2"
            },
            {
              "CompressionType": "gzip",
              "DataType": "application/json",
              "DownloadTime": 0,
              "EventId": 155,
              "HttpStatus": 200,
              "Size": 22,
              "URL": "https://dev-boomq.pflb.ru/auth-srv/identityProvider"
            },
            {
              "CompressionType": "gzip",
              "DataType": "application/json",
              "DownloadTime": 0,
              "EventId": 150,
              "HttpStatus": 200,
              "Size": 184,
              "URL": "https://dev-boomq.pflb.ru/config.json"
            },
            {
              "CompressionType": "",
              "DataType": "image/svg+xml",
              "DownloadTime": 0,
              "EventId": 145,
              "HttpStatus": 200,
              "Size": 4045,
              "URL": "https://dev-boomq.pflb.ru/static/media/en.b1acfc6b06bfe6e29bfbfc06d09d8177.svg"
            },
            {
              "CompressionType": "gzip",
              "DataType": "application/json",
              "DownloadTime": 15,
              "EventId": 140,
              "HttpStatus": 200,
              "Size": 4680,
              "URL": "https://dev-boomq.pflb.ru/project-srv/modelSchema"
            },
            {
              "CompressionType": "gzip",
              "DataType": "application/json",
              "DownloadTime": 16,
              "EventId": 135,
              "HttpStatus": 200,
              "Size": 152,
              "URL": "https://dev-boomq.pflb.ru/auth-srv/user"
            },
            {
              "CompressionType": "",
              "DataType": "",
              "DownloadTime": 16,
              "EventId": 131,
              "HttpStatus": 200,
              "Size": 0,
              "URL": "https://dev-boomq.pflb.ru/auth-srv/login"
            },
            {
              "CompressionType": "",
              "DataType": "image/png",
              "DownloadTime": 0,
              "EventId": 87,
              "HttpStatus": 200,
              "Size": 1016,
              "URL": "https://dev-boomq.pflb.ru/favicon.png"
            },
            {
              "CompressionType": "",
              "DataType": "font/woff",
              "DownloadTime": 0,
              "EventId": 77,
              "HttpStatus": 200,
              "Size": 138516,
              "URL": "https://dev-boomq.pflb.ru/static/media/Montserrat-Medium.d42dad28f6470e5162c2.woff"
            },
            {
              "CompressionType": "",
              "DataType": "image/svg+xml",
              "DownloadTime": 0,
              "EventId": 72,
              "HttpStatus": 200,
              "Size": 1861,
              "URL": "https://dev-boomq.pflb.ru/static/media/loading.b59fa25397e07d75b9ac55ace151e625.svg"
            },
            {
              "CompressionType": "",
              "DataType": "font/woff",
              "DownloadTime": 0,
              "EventId": 67,
              "HttpStatus": 200,
              "Size": 138232,
              "URL": "https://dev-boomq.pflb.ru/static/media/Montserrat-SemiBold.197213592de7a2a62e06.woff"
            },
            {
              "CompressionType": "",
              "DataType": "font/woff",
              "DownloadTime": 0,
              "EventId": 62,
              "HttpStatus": 200,
              "Size": 138900,
              "URL": "https://dev-boomq.pflb.ru/static/media/Montserrat-Bold.180ba33d8de7dcfe80a0.woff"
            },
            {
              "CompressionType": "",
              "DataType": "image/svg+xml",
              "DownloadTime": 0,
              "EventId": 57,
              "HttpStatus": 200,
              "Size": 8365,
              "URL": "https://dev-boomq.pflb.ru/static/media/logo.f5ae2890e77693e018920d4ad41c643c.svg"
            },
            {
              "CompressionType": "",
              "DataType": "font/woff",
              "DownloadTime": 0,
              "EventId": 52,
              "HttpStatus": 200,
              "Size": 138600,
              "URL": "https://dev-boomq.pflb.ru/static/media/Montserrat-Regular.3db65dc4b858f0fed4fb.woff"
            },
            {
              "CompressionType": "gzip",
              "DataType": "application/javascript",
              "DownloadTime": 0,
              "EventId": 42,
              "HttpStatus": 200,
              "Size": 889798,
              "URL": "https://dev-boomq.pflb.ru/static/js/main.cddf1824.js"
            },
            {
              "CompressionType": "gzip",
              "DataType": "text/css",
              "DownloadTime": 0,
              "EventId": 23,
              "HttpStatus": 200,
              "Size": 23017,
              "URL": "https://dev-boomq.pflb.ru/static/css/main.64a4c65b.css"
            },
            {
              "CompressionType": "gzip",
              "DataType": "text/html",
              "DownloadTime": 0,
              "EventId": 13,
              "HttpStatus": 200,
              "Size": 655,
              "URL": "https://dev-boomq.pflb.ru/authorize"
            }
          ],
          "SSLCipher": "",
          "SSLVersion": "TLS1.2"
        }
      ],
      "IncludeInScript": true
    },
    {
      "DomainName": "office.com",
      "Domains": [
        {
          "HTTPVersion": "HTTP/1.1",
          "IP": "52.97.250.194",
          "IncludeInScript": false,
          "Name": "substrate.office.com",
          "Port": 443,
          "Requests": [
            {
              "CompressionType": "",
              "DataType": "image/jpeg",
              "DownloadTime": 0,
              "EventId": 200,
              "HttpStatus": 200,
              "Size": 181106,
              "URL": "https://substrate.office.com/imageb2/v1.0/me/image/$value"
            },
            {
              "CompressionType": "",
              "DataType": "application/json",
              "DownloadTime": 0,
              "EventId": 195,
              "HttpStatus": 200,
              "Size": 4158,
              "URL": "https://substrate.office.com/profileb2/v2.0/me/V1Profile"
            },
            {
              "CompressionType": "",
              "DataType": "application/json",
              "DownloadTime": 15,
              "EventId": 102,
              "HttpStatus": 200,
              "Size": 4158,
              "URL": "https://substrate.office.com/profileb2/v2.0/me/V1Profile"
            },
            {
              "CompressionType": "",
              "DataType": "application/json",
              "DownloadTime": 15,
              "EventId": 92,
              "HttpStatus": 200,
              "Size": 4158,
              "URL": "https://substrate.office.com/profileb2/v2.0/me/V1Profile"
            }
          ],
          "SSLCipher": "",
          "SSLVersion": "TLS1.2"
        }
      ],
      "IncludeInScript": true
    },
    {
      "DomainName": "msn.com",
      "Domains": [
        {
          "HTTPVersion": "HTTP/1.1",
          "IP": "20.199.58.43",
          "IncludeInScript": false,
          "Name": "arc.msn.com",
          "Port": 443,
          "Requests": [
            {
              "CompressionType": "",
              "DataType": "application/json",
              "DownloadTime": 0,
              "EventId": 82,
              "HttpStatus": 200,
              "Size": 2084,
              "URL": "https://arc.msn.com/v4/api/selection?placement=88000360&nct=1&fmt=json&ADEFAB=1&OPSYS=WIN10&locale=en-US&country=US&edgeid=664339649591579807&ACHANNEL=4&ABUILD=136.0.7103.113&poptin=0&devosver=10.0.26100.4061&clr=esdk&UITHEME=dark&EPCON=0&AMAJOR=136&AMINOR=0&ABLD=7103&APATCH=113"
            }
          ],
          "SSLCipher": "",
          "SSLVersion": "TLS1.2"
        }
      ],
      "IncludeInScript": true
    },
    {
      "DomainName": "microsoftapp.net",
      "Domains": [
        {
          "HTTPVersion": "HTTP/1.1",
          "IP": "94.131.119.22",
          "IncludeInScript": false,
          "Name": "static.edge.microsoftapp.net",
          "Port": 443,
          "Requests": [
            {
              "CompressionType": "",
              "DataType": "application/json",
              "DownloadTime": 0,
              "EventId": 235,
              "HttpStatus": 200,
              "Size": 0,
              "URL": "https://static.edge.microsoftapp.net/default/cloud_config_observers.json"
            }
          ],
          "SSLCipher": "",
          "SSLVersion": "TLS1.2"
        }
      ],
      "IncludeInScript": true
    },
    {
      "DomainName": "microsoft.com",
      "Domains": [
        {
          "HTTPVersion": "HTTP/1.1",
          "IP": "172.205.80.42",
          "IncludeInScript": false,
          "Name": "nav-edge.smartscreen.microsoft.com",
          "Port": 443,
          "Requests": [
            {
              "CompressionType": "",
              "DataType": "application/json",
              "DownloadTime": 0,
              "EventId": 18,
              "HttpStatus": 200,
              "Size": 820,
              "URL": "https://nav-edge.smartscreen.microsoft.com/api/browser/edge/navigate/3"
            }
          ],
          "SSLCipher": "",
          "SSLVersion": "TLS1.2"
        },
        {
          "HTTPVersion": "HTTP/1.1",
          "IP": "150.171.27.11",
          "IncludeInScript": false,
          "Name": "edge.microsoft.com",
          "Port": 443,
          "Requests": [
            {
              "CompressionType": "",
              "DataType": "application/json",
              "DownloadTime": 0,
              "EventId": 244,
              "HttpStatus": 200,
              "Size": 20,
              "URL": "https://edge.microsoft.com/autofillservice/core/page/-5404104625039984836/3706210257134335163?GroupingThreshold=60&PasswordFieldThreshold=60&CIdAlgoVersion=2"
            },
            {
              "CompressionType": "",
              "DataType": "application/json",
              "DownloadTime": 0,
              "EventId": 239,
              "HttpStatus": 200,
              "Size": 20,
              "URL": "https://edge.microsoft.com/autofillservice/core/page/-5404104625039984836/380532319250797170?GroupingThreshold=60&PasswordFieldThreshold=60&CIdAlgoVersion=2"
            },
            {
              "CompressionType": "",
              "DataType": "application/json",
              "DownloadTime": 0,
              "EventId": 230,
              "HttpStatus": 200,
              "Size": 20,
              "URL": "https://edge.microsoft.com/autofillservice/core/page/-5404104625039984836/-7290567040324457449?GroupingThreshold=60&PasswordFieldThreshold=60&CIdAlgoVersion=2"
            },
            {
              "CompressionType": "gzip",
              "DataType": "application/json",
              "DownloadTime": 0,
              "EventId": 225,
              "HttpStatus": 200,
              "Size": 350,
              "URL": "https://edge.microsoft.com/componentupdater/api/v1/update"
            },
            {
              "CompressionType": "gzip",
              "DataType": "application/json",
              "DownloadTime": 0,
              "EventId": 220,
              "HttpStatus": 200,
              "Size": 353,
              "URL": "https://edge.microsoft.com/componentupdater/api/v1/update"
            },
            {
              "CompressionType": "gzip",
              "DataType": "application/json",
              "DownloadTime": 0,
              "EventId": 215,
              "HttpStatus": 200,
              "Size": 1751,
              "URL": "https://edge.microsoft.com/componentupdater/api/v1/update?cup2key=7:O8d0wVM3NTL9KBpH2QDAImMYjCdoEjZ3soqFEnw0u-k&cup2hreq=b650eb07d2f715207ca101a9562c3f54d1503077e4b3c086c12ae068d43118e6"
            },
            {
              "CompressionType": "gzip",
              "DataType": "application/octet-stream",
              "DownloadTime": 0,
              "EventId": 210,
              "HttpStatus": 200,
              "Size": 172,
              "URL": "https://edge.microsoft.com/sync/v1/feeds/me/syncEntities/command/?client=Chromium&client_id=KzXIPCCcL88k%2FSOMgo%2BPPQ%3D%3D"
            },
            {
              "CompressionType": "gzip",
              "DataType": "application/octet-stream",
              "DownloadTime": 0,
              "EventId": 205,
              "HttpStatus": 200,
              "Size": 840,
              "URL": "https://edge.microsoft.com/sync/v1/feeds/me/syncEntities/command/?client=Chromium&client_id=KzXIPCCcL88k%2FSOMgo%2BPPQ%3D%3D"
            },
            {
              "CompressionType": "",
              "DataType": "application/json",
              "DownloadTime": 15,
              "EventId": 180,
              "HttpStatus": 200,
              "Size": 20,
              "URL": "https://edge.microsoft.com/autofillservice/core/page/-5404104625039984836/-4776165001487966812?GroupingThreshold=60&PasswordFieldThreshold=60&CIdAlgoVersion=2"
            },
            {
              "CompressionType": "",
              "DataType": "application/json",
              "DownloadTime": 0,
              "EventId": 121,
              "HttpStatus": 200,
              "Size": 265,
              "URL": "https://edge.microsoft.com/entityextractiontemplates/api/v1/assets/find-assets?name=domains_config_gz&version=3.*.*&channel=stable&key=d414dd4f9db345fa8003e32adc81b362"
            },
            {
              "CompressionType": "gzip",
              "DataType": "application/json",
              "DownloadTime": 15,
              "EventId": 117,
              "HttpStatus": 304,
              "Size": 0,
              "URL": "https://edge.microsoft.com/abusiveadblocking/api/v1/blocklist"
            },
            {
              "CompressionType": "",
              "DataType": "text/xml",
              "DownloadTime": 0,
              "EventId": 97,
              "HttpStatus": 200,
              "Size": 413,
              "URL": "https://edge.microsoft.com/extensionwebstorebase/v1/crx?os=win&arch=x64&os_arch=x86_64&nacl_arch=x86-64&prod=edgecrx&prodchannel=&prodversion=136.0.3240.76&lang=en-US&acceptformat=crx3,puff&x=id%3Djmjflgjpcpepeafmmgdpfkogkghcpiha%26v%3D1.2.1%26installedby%3Dother%26uc"
            },
            {
              "CompressionType": "",
              "DataType": "application/json",
              "DownloadTime": 0,
              "EventId": 47,
              "HttpStatus": 200,
              "Size": 365,
              "URL": "https://edge.microsoft.com/autofillservice/core/page/-5404104625039984836/8066415539964960608?GroupingThreshold=60&PasswordFieldThreshold=60&CIdAlgoVersion=2"
            },
            {
              "CompressionType": "",
              "DataType": "application/json",
              "DownloadTime": 16,
              "EventId": 8,
              "HttpStatus": 200,
              "Size": 3049,
              "URL": "https://edge.microsoft.com/identity/api/v3/msa"
            },
            {
              "CompressionType": "",
              "DataType": "application/json",
              "DownloadTime": 0,
              "EventId": 3,
              "HttpStatus": 200,
              "Size": 158,
              "URL": "https://edge.microsoft.com/serviceexperimentation/v3/?osname=win&channel=stable&osver=10.0.26100&devicefamily=desktop&installdate=1726177648&clientversion=136.0.3240.76&experimentationmode=2&scpguard=0&scpfull=0&scpver=0"
            }
          ],
          "SSLCipher": "",
          "SSLVersion": "TLS1.2"
        }
      ],
      "IncludeInScript": true
    },
    {
      "DomainName": "bing.com",
      "Domains": [
        {
          "HTTPVersion": "HTTP/1.1",
          "IP": "185.250.151.49",
          "IncludeInScript": false,
          "Name": "www.bing.com",
          "Port": 443,
          "Requests": [
            {
              "CompressionType": "gzip",
              "DataType": "application/json",
              "DownloadTime": 0,
              "EventId": 126,
              "HttpStatus": 200,
              "Size": 418,
              "URL": "https://www.bing.com/api/shopping/v1/user/shoppingsettings"
            },
            {
              "CompressionType": "",
              "DataType": "application/json",
              "DownloadTime": 0,
              "EventId": 112,
              "HttpStatus": 200,
              "Size": 134,
              "URL": "https://www.bing.com/api/shopping/v1/savings/rewards/rewardsUserInfo"
            },
            {
              "CompressionType": "gzip",
              "DataType": "application/json",
              "DownloadTime": 15,
              "EventId": 107,
              "HttpStatus": 200,
              "Size": 418,
              "URL": "https://www.bing.com/api/shopping/v1/user/shoppingsettings"
            },
            {
              "CompressionType": "gzip",
              "DataType": "",
              "DownloadTime": 0,
              "EventId": 38,
              "HttpStatus": 200,
              "Size": 0,
              "URL": "https://www.bing.com/fd/auth/signin/v2?action=header"
            },
            {
              "CompressionType": "",
              "DataType": "application/json",
              "DownloadTime": 16,
              "EventId": 33,
              "HttpStatus": 200,
              "Size": 670615,
              "URL": "https://www.bing.com/bloomfilterfiles/ExpandedDomainsFilterGlobal.json"
            },
            {
              "CompressionType": "",
              "DataType": "application/json",
              "DownloadTime": 0,
              "EventId": 28,
              "HttpStatus": 200,
              "Size": 134,
              "URL": "https://www.bing.com/api/shopping/v1/savings/rewards/rewardsUserInfo"
            }
          ],
          "SSLCipher": "",
          "SSLVersion": "TLS1.2"
        }
      ],
      "IncludeInScript": true
    },
    {
      "DomainName": "azureedge.net",
      "Domains": [
        {
          "HTTPVersion": "HTTP/1.1",
          "IP": "13.107.246.44",
          "IncludeInScript": false,
          "Name": "edge-consumer-static.azureedge.net",
          "Port": 443,
          "Requests": [
            {
              "CompressionType": "",
              "DataType": "application/json",
              "DownloadTime": 0,
              "EventId": 190,
              "HttpStatus": 200,
              "Size": 101,
              "URL": "https://edge-consumer-static.azureedge.net/mouse-gesture/config.json"
            }
          ],
          "SSLCipher": "",
          "SSLVersion": "TLS1.2"
        }
      ],
      "IncludeInScript": true
    }
  ],
  "WebSocket": {
    "IncludeInScript": false,
    "IsScriptIncludeWebSocket": false
  },
  "NumberOfCorrelations": 0
}